PC1,PC2,PC3,PC4,PC5
1.4689341194795902,-1.1197322263688227,-0.7626406994095783,-0.4262013226590993,0.2990498732588417
1.180981039349258,4.071044700312581,2.4370980900347403,1.754273697482282,1.5892060339780447
3.0616543802555896,-0.4056023148267644,-1.6575861850296973,-0.3145389395309412,-0.32495101194386916
0.44326195573771704,-1.0718164833689325,-0.003937031802451668,1.7376612298346048,2.946522539138222
1.4044720931537344,-1.1910552230789593,-0.6242880961867957,-0.6457799882136328,0.5457229470314124
3.0104082866372193,-0.48804577910689834,-1.6458443804617535,-0.6742237615669484,-0.10018456979037596
0.18642371855367582,-4.092258465791506,-0.6540748895566862,-0.32755604889203394,-0.14277543895576253
-0.48503789328781255,-1.7355103459068981,-0.13547431936039306,-1.9609245791936616,2.2960287721385937
1.0019459452345638,1.5768089843882198,-1.226842407843309,2.3740110651213997,0.623502412147289
0.6635843169023062,-0.15132744617269783,-1.915708357527747,2.281376653305122,-1.1430548529147775
-0.45475877111603824,-1.4479359028102081,0.7893073628879559,0.04411789969891315,2.2148575528313867
-0.4803818179252232,-1.4891576349502746,0.7951782651719311,-0.1357245113190916,2.3272407739081316
-0.47077453242014305,-1.5821395276890695,0.37194670720807643,-0.8748116179740557,2.2924186634713313
3.018054564971867,-0.3456939124130969,-1.143723202442064,0.34272106912860084,-0.1594320980451052
3.0643012132687986,-0.4011947342171547,-1.6554662456101916,-0.2868716873213163,-0.30269604410887746
-0.28444758427760675,0.44647940594119584,-0.3845966721407141,-0.667538449341622,1.1248699664851252
3.1137949064507326,-0.2995840765980543,-1.5771476792895516,0.23999657826133083,-0.4535114842896827
-0.0041101771273479824,-1.5122623669139363,-0.7143488495035764,0.5128549520989129,0.5560070422535418
-0.0878935245480158,1.4675926418849,0.8909859944276359,-1.9804212966248766,0.6068680792151883
-1.5267224660400192,-0.622456223774663,-0.3195885291523862,2.0904424075273744,-1.5787019525312675
3.1710893371104736,-0.3291188566148038,-0.5430180540445121,0.56541031497081,-0.8805591942744774
0.4013466134391567,-3.876134511420455,0.35499969920814944,1.2008142804134143,-0.6001046936166466
-0.36563404861044285,-1.827258834688102,0.2624214034811937,-2.3775425032059427,1.7260654523059367
1.5734552449840205,-1.094155613012403,0.19145719830923144,0.11937577309392793,-0.1474198010129727
0.39995026749832785,-4.010971784197504,-0.1949022535111887,0.0732109841902857,-1.1439580607101805
1.5561834487857367,-1.1766839575854713,-0.024642917498999464,-0.4369243684762365,-0.18653163311545404
-1.9677923000735305,0.694457006140238,-0.5984996636222487,0.13040667556989763,0.6670421002442468
1.5222091513656508,-1.1765990772925363,0.20319900287718076,-0.24030904894208183,0.07734664114051529
3.1121969651574566,-0.5539141875887386,-1.033397427496253,-0.8112193377607491,-0.5965452238662605
3.205014485276692,-0.34992443690027597,-0.8359699882497014,0.2707744107586188,-0.9057105389115043
1.639761637208715,-1.4997904137927487,0.3845621754602166,0.5510956595127051,1.2316029878534225
0.686733222199997,-0.3548522283538318,-1.3327988225741292,1.4935948700743669,-1.3614963125817572
1.7166307776362708,-1.3761252173725496,0.3669494686082928,1.0906228925667198,0.8944533246231896
3.2146891523941967,-0.38902725902847246,-1.056881036632151,-0.09184969368872944,-1.0460781081732362
0.38496370199584773,-4.013842493906591,-0.11544157972015776,0.10205816668880889,-1.1812818979124318
1.5689703975633948,-1.1664334415117066,-0.0601333755554913,-0.3960134553062522,-0.12335977884435481
-0.44089314997955326,-1.3951041225985805,0.20555397084403043,-0.7440041427355903,0.03810310128328473
1.649368922713795,-1.5927723065315436,-0.03866938250363743,-0.18799144714225907,1.1967808774166238
-0.38324921476757523,-1.8013787543887378,0.4769726336051087,-2.097920155387463,1.7996681180627092
-2.359518554184373,-0.7865510057300594,-0.5168832155883417,-1.0153198459947217,-1.216763429915213
-1.307318212793117,2.637233462435953,-0.08187070327499833,-0.6240359339368592,-1.2662266192745701
3.2051452807594556,-0.441067960002074,-0.9029313426692732,-0.27546916037056224,-1.0235001945667475
3.6619888026841543,0.42539741605219533,0.0808921247497603,0.2122131768993473,-0.8526338290113002
1.0297231779724032,1.3088224663610044,-0.6686146311203217,1.0965106887805198,-0.24187859655051744
-1.3086416292997216,2.6350296721311475,-0.08293067298475416,-0.6378695600416705,-1.2773541031920639
3.203821864252852,-0.44327175030687943,-0.9039913123790291,-0.2893027864753737,-1.0346276784842408
0.5470903573262668,-1.1436160672304376,0.07286277347869248,-0.7822729356991367,0.1922094824268285
-0.36804623981134815,-1.80261412655279,0.6700816107283064,-2.0181054892779713,1.746838311578795
0.5555354028477852,-0.8417078356483279,1.404592217134303,0.5456539387760547,-0.2422377580920489
-0.27380643518587094,-1.414243440477622,4.3299258063274655,1.1286110625478205,1.4167190560331056
-2.3572554827224983,-0.005737853850904761,3.9665513649453437,1.6256394609753955,-0.6689211219409947
-2.0261258139730547,-0.5870064542991775,0.9709426920634942,-0.8892717154732189,-1.4050183549687825
-1.4093605506236333,2.661556911774781,0.8553510440007882,-0.933807712751293,-1.7174502913734622
1.5671042906505153,-0.9478242013202074,3.854973773488524,2.111738083701461,-0.0865653590856002
1.2224296020226082,4.059902504476099,4.12897467967095,1.4835716978282354,0.4394331792562686
-2.068040610432767,-0.6001443158350747,1.1924247941811397,-0.7756581525679327,-1.2079049842177734
3.1044263594355437,-0.4145407203584428,0.03535037431626827,-0.5714073130801839,-1.463596382748145
0.04933052971226854,-1.697862774497182,4.197267646212926,2.01797037919816,0.8615920695941182
-0.20080315051987688,1.4376715999453198,1.9810974659565443,-2.4876461682259543,0.1670948368052918
3.053180265817174,-0.49698418463857613,0.04709217888421758,-0.9310921351161932,-1.2388299405946572
-0.44358933061446226,-1.7466525417433791,1.5564022702758218,-2.2316265788477168,1.1462559174168205
3.118104714606635,-0.382858724460527,0.05609989366057201,-0.4073191534148463,-1.6080816465261683
-1.4199818257551227,2.6542209658374354,0.8830314353388224,-0.9357283379991481,-1.7384248501572472
1.1848618635753299,4.009141036093881,4.161466003583204,1.2879750354575643,0.519714357631734
-3.121943783804761,-0.2947996708449793,-0.3015416683846504,0.14809559979250123,-2.001592766166934
3.0412355741790797,-0.5065239208807266,0.07371260051249587,-0.9468463864688605,-1.2709319832959363
-2.113616229532098,-0.7180075966567231,1.0162357902534525,-1.430719573775088,-1.0888432505223353
-2.063693552420333,-0.6377679226813948,1.0034340159757476,-1.08486837784389,-1.324737176593317
-0.16017833203299622,1.512779118288108,1.9970360527266293,-2.1298819714378,-0.07864616413198121
0.46269662418665464,-1.0809992510792785,1.03401394922805,-0.8864556765337983,-0.3701170016976054
3.0990987503304726,-0.4130615050765669,0.06727064449332591,-0.5179934339087937,-1.4400610058619572
-2.062370135913728,-0.6355641323765897,1.0044939856855033,-1.0710347517390784,-1.3136096926758232
-0.42812211028982355,-1.6678209979483078,1.7615124102363282,-1.6778370276698584,1.194182593254135
0.4862056682419996,-0.9453602713458734,1.4116442680124157,0.018050249889908696,-0.42901619373642436
-2.0204553394540152,-0.6224262708406927,0.7830118835678582,-1.1846483146443654,-1.5107230634268332
1.4781086097320821,-1.1728207293683113,0.9659670929779097,-0.8371654802645707,-0.7259318674174874
0.2101867072741277,-4.133542946063649,1.0140920877147337,-0.7667721521961326,-1.4172632569526225
-0.4392422726020279,-1.784276148589699,1.3674114920704303,-2.540836804123675,1.0294237250412768
3.0753779957485685,-0.48563697249512483,0.1939526906200134,-0.8137913736510933,-1.505320934674198
-2.053850761153425,-0.6558989161310541,1.1306049780769951,-1.1178221499393164,-1.4356154229773421
3.049411578980534,-0.41845027976275856,0.6304749388361336,-0.15771129528045388,-1.2802232157382012
-0.9820977718563109,0.005474473932270628,0.7288668614575089,0.6095676603351818,1.2303602171990886
0.4738628319601668,-1.0969264542241315,1.162244881039054,-0.9055758225244126,-0.4698677641641369
1.0003213929076578,1.5691536712651444,0.9975979917771884,2.4610858853588344,-0.6146583207200543
0.15218240765466706,-1.4821424823758234,0.6427536804473866,0.13163662295493334,-1.224694145531174
0.5653442510360392,-0.8495444525968895,1.5679233282516316,0.6214485502712649,-0.28507069191991125
0.8519750765867053,1.3720798396290412,1.1672833119780774,1.6334070930261242,-0.37330291782750286
-2.051203928140216,-0.6514913355214436,1.1327249174965066,-1.090154897729693,-1.4133604551423549
-0.956474725047126,0.04669620607233731,0.7229959591735344,0.7894100713531865,1.1179769961223445
-2.1376803540728515,-0.6821746392028494,1.5735691823122848,-0.8905950241287434,-1.0413886814753237
-0.4267526483219112,-1.7979995614297484,1.4967023935911894,-2.546123324009478,0.9408004464922374
-0.08147428099058626,1.5512115088192187,1.897913980136013,-2.0827732693156964,-0.487893518426266
-2.0079657151738988,-0.6361496836807413,0.9123027850886173,-1.1899348345301686,-1.599346341975871
1.4435118502141617,-1.0551429824986955,1.9264522146158831,0.4276173131320204,-0.36795275732839133
0.47121599894695776,-1.1013340348337424,1.1601249416195425,-0.9332430747340352,-0.4921227319991237
-0.19766532648481175,1.569299681561247,1.8585409995167763,-1.9336151846107534,-0.10138859842780949
-1.4151321765323528,2.82685886010793,0.9877663905169384,0.16207873456298866,-0.8999979278863222
1.0531376976158733,3.854713904216658,1.2307747377600244,-1.3503022121617243,-0.12176836242810653
0.594147602490503,-0.2576542853330768,-0.488674707010559,1.4417957039214608,-2.0582771700913516
-2.1511032239839145,-0.6614870333835837,0.8777407370435989,-1.2344527869480406,-1.1115856848181636
-0.5014578812862547,-1.7454025435080494,1.326967651452653,-2.3295617325583726,1.21527048162986
-1.4257195085851884,2.809228537669488,0.9792866328388923,0.05140972572449707,-0.9890177992262694
0.20538705845290622,-4.012994312152127,0.9211161359237348,-0.2240694759488925,-1.448648507833894
-2.132164641320177,-0.6851633233781423,0.66424947662944,-1.500241508661709,-1.1740608666574426
-0.5010288973564239,-1.7667735271518226,1.2358473108543078,-2.5105788022098205,1.1301919957396842
-2.099857130365543,-0.5790435691034511,0.8659989324756499,-0.8747679649120313,-1.3363521269716525
-1.5458688745179716,2.5251505363108167,0.5963790071657353,-1.6825290734989025,-1.370516532751516
-0.24993353316753175,0.37078484027540753,0.36547107150952673,-1.1351843025284343,0.3310619575641409
-2.1275446321210167,-0.7493439402493202,0.2612977830533577,-1.3461204542415082,-0.6383011801809874
-2.1619371008337005,-0.5061335348412268,-0.9894468393693653,-0.734181666055501,0.12271791446089458
-1.5080178767916155,2.8455773597523577,-0.9451393079008881,-0.1953349630427814,-0.35559833149185494
-1.5054566577493882,2.76294749913331,-1.282550373815177,-0.8225731305703553,-0.36097937562594684
0.8630342761111032,1.5833982246205978,-1.4853041646176004,1.8854811751996017,0.6712343585642488
-2.1465215514013893,-0.5246338087759126,-1.1600278537587414,-0.9440459182054731,0.07496326577297047
-2.593401929355722,-0.6747432660188644,-1.5368710906161467,-1.128500697077003,-0.10686838083194747
-2.168621564979148,-0.571031556975852,-1.1970671974995495,-1.1798127987871736,0.1726259536983602
-2.1990910615263646,-0.6092810633608511,-1.1493460189005473,-1.3175643663462946,0.2886022240089652
-1.4785101944335992,2.806373021578181,-1.2873613063893967,-0.6288970934475381,-0.4622351127851963
-2.120898504592205,-0.48341207663584584,-1.165898756042716,-0.7642035071874685,-0.03741995530377371
-1.5041332412427837,2.765151289438115,-1.2814904041054218,-0.8087395044655437,-0.34985189170845316
-1.5297562880519688,2.7239295572980473,-1.2756195018214462,-0.9885819154835488,-0.23746867063170937
-1.5553793348611535,2.6827078251579803,-1.2697485995374709,-1.1684243265015528,-0.12508544955496517
-1.581002381670339,2.6414860930179147,-1.2638776972534964,-1.3482667375195578,-0.012702228478220778
-3.175969072704056,-0.03721141598686931,-2.08313334049575,1.2487584902738722,-0.6162815801694909
1.3786272587830926,-0.9563526906042858,-0.6884427267431564,0.15459302515619985,0.7380317516883068
-1.4811570274468078,2.8019654409685715,-1.2894812458089078,-0.6565643456571614,-0.4844900806201829
-2.1363140540245156,-0.46491180270115995,-0.9953177416533401,-0.5543392550374963,0.01033469338415037
1.3348562155574062,-1.0705191706479373,-0.8536417548231184,-0.4979578056586504,0.8482786416489108
-2.685810292218449,-0.7016396730960744,-1.7875938818027868,-1.2538053803754656,0.20376049442335223
-0.41187908308622584,0.7258964404336813,-0.3673628765182053,0.5655999177332637,1.5775512709439434
2.8944403200996542,-0.20058201884545343,-1.6651610126054928,0.5859918925731106,0.404541105022049
0.7736161162204339,1.4525009732805665,-2.164558362316874,0.9519212547221182,0.891403703795282
-0.09471193876867427,-1.4446891981984054,-1.7581293999326912,-0.011803241954607769,0.8654414600819899
-0.6029477205623335,-1.6361126453818673,-0.88100308703554,-2.121778738510936,2.686251954191535
1.2503883517343053,-1.0841928358963149,-1.0980047277512228,-0.5402607323282429,1.225672420409171
-1.708926451641915,1.4180203622440533,-0.039294746898868346,0.7408053072416011,1.2396674584191276
-1.7697798307653656,1.4285587907027149,0.39567861563293555,1.1202075918605556,1.4992560110094149
-2.1572143240985313,-0.4308372451879904,-1.4702136281123313,-0.5719142119088056,0.04484942856417666
-2.2004525370648493,-0.4461788970286929,-1.2497914957044431,-0.4721342751083309,0.2308353153976924
-3.233079721640093,-0.06198891305220804,-2.5606380823488135,0.9406721135460667,-0.5584034952526669
-2.5996772362446623,-0.5625479445422362,-1.797786800686419,-0.6174427645877715,-0.05549678138442651
-2.243329147713762,-0.5367706031237662,-1.322810213476303,-0.9298344101669197,0.43728817516596635
-1.6819589455089186,-0.3858671180576669,-1.8159168530158212,2.2861624899584485,-0.9387911901750051
-1.6992307417072021,-0.4683954626307351,-2.0320169688240504,1.7298623483882818,-0.9779030222774882
-2.2273990003806383,-0.4896044194735646,-1.244980563130224,-0.6658103122311471,0.3320910525569435
-0.10880407169438022,-1.4239851339589131,-1.5864884158335593,0.211894636300176,0.9243235926874065
-0.4780902750238911,-1.2713680717426028,-1.1599548105974995,-1.191252417623652,0.1353416185977941
-0.4608664918230582,-1.514501892306533,0.013067934658580012,-1.1079104017910362,2.160419513983877
-2.1208879194375387,0.9137515327176473,-0.8414111764256939,0.9711858244247387,1.270525184488209
-1.0295131620359281,0.21305516939683433,-0.9676878041540655,1.5329813192978967,2.4442499043407278
0.41536374418545763,-0.9394841681648372,-0.6539897112336268,-0.28827710495635794,0.8456259963526622
-0.5076277380208022,-1.5246675280873614,0.27640031309125224,-0.9522059954268649,2.3611259339687467
-3.221313343671564,-0.13910701431252784,-1.593242333500282,1.1250864908444453,-0.4964718130077592
-0.31521145132636935,1.5676295526517212,0.6678071278956272,-1.6515021286144282,1.5697557945243674
-0.5165245034278296,-1.5365897026137245,0.3220611483713888,-0.8692147821089078,2.941971861482024
-0.9826789864039591,0.35585428764990956,-0.6821781995771539,2.491046583052042,2.776269367531899
0.8628700788468678,1.684910337872055,-0.48962315449861515,3.0830990524270336,0.7195607316519492
-0.399994880341052,-1.4918819501471325,-0.28469493212082825,-1.208870268880411,2.0340124321875988
0.868936098761965,1.5639460905750715,-1.007154962190083,2.1214939978061853,0.5662776835724932
1.3086217551955983,-1.0220161765108364,0.10182000242579035,0.4223923126726477,0.9608852509095207
-1.1124665547371362,0.17719584965555657,-0.5697537853630695,1.67661672333515,2.801501144856405
-0.5113219991941923,-1.6935663944848092,-0.35975145155156585,-2.2060923653375597,2.3205744431819455
-2.1896662056440768,-0.6339092134662501,-0.7141070624978132,-1.1374760133034045,0.16892501586585573
0.5061867227481629,-0.9077442064271678,-0.32740748405609066,1.9755062420365739,2.648987416318608
3.037262985832294,-0.19631300366079954,-1.2207611955184778,0.7633425031044587,0.0528240814779147
-2.1370966955191024,-0.5492619588813115,-0.7247888973560064,-0.7639575651625835,-0.04471394237013882
-2.5400014698790883,-0.03134538204789899,0.28304464230752446,0.005388041188022427,-0.10983618004334846
-3.1782989381262827,-0.0075507626631302616,-1.307117900183389,1.533690969302511,-1.0919645054406624
-2.5656245166882736,-0.072567114187964,0.28891554459149954,-0.17445436982998297,0.0025470410333955033
-2.580660231444622,-0.09615852388958776,0.30326620455352105,-0.24362777200949565,0.20395013345008664
2.9592573730483753,-0.26049674483894364,-0.9259927290022686,0.25890657202314465,-0.24892050149291892
0.41531409503740285,-0.9904614930460901,0.009841908610987852,1.5125606459587828,2.894706309108572
-2.590542591221205,-0.2974473254548355,-0.42930574923642206,-1.7476993420956959,0.022682737185643485
-0.33980227066241014,1.5909471400145556,0.9789640560327356,-1.6855895004766976,1.389305152744151
-2.489373820491069,-0.13476418719937436,-0.453849328082076,-1.0421633241284873,-0.4379776310388264
0.40326514807848485,-0.9647618147316558,-0.5694960614101833,-0.7659551136928195,0.45793104551650715
-2.5576171408798305,-0.19344017661692228,-0.1893383075868878,-1.1334342351043543,-0.18063724585392543
0.8885448017378308,1.4920842994693981,-1.3088535265896848,1.1404957629964616,0.04609793437414766
-0.2834220117978052,0.6583885448055968,0.003180296545387006,-0.04143238701095765,0.9695327724574347
0.8196835419623282,1.4355209154886286,-1.082560491897821,1.0604332887789312,0.344467042284408
-2.589924651834464,-0.29955993089161304,-0.39108776343309704,-1.758907778854032,-0.01834598553971554
-0.5352948791434932,-1.6723614125587536,-0.010376537611134412,-2.251388173958165,2.09909507867637
2.9876670590738077,-0.21632975387481052,-0.865515379294071,0.5382042834658488,-0.05627206195091625
0.9906018360064096,3.903496706060049,-0.011698147840954534,-1.298621247137694,0.9372629737503382
0.33705072131619135,-1.016917618102814,-0.3410830872988073,-0.8183503357007249,0.7785551212617545
-0.35231973629041985,0.535508419588705,-0.04494766026754067,-0.6783796962876458,1.0015389387796745
0.35201905446011483,-1.0472052790117885,-0.5577542568422341,-1.1256399357288285,0.6826974876699956
-0.28324478350267646,1.5273892612635849,0.42173844603787836,-2.4105723806027193,1.1978263854872977
-0.4981845198829001,-1.5111801721700189,0.43093410151921696,-1.028719390434706,2.810209040748215
1.3816944008732117,-0.9856559390829933,-0.11838008652390423,0.00976322176000466,0.32327251328285084
0.8369918028777236,1.5843660012978185,-0.5920393845847994,2.1736182654082548,0.6499418159749104
-2.0550056734248145,-2.56884001332383,0.5978909967259685,0.15420510416751043,2.67329230641685
1.3198974399191183,-1.0194129845654474,0.15930295187078913,0.09629422594466196,0.725382025684412
0.43375739664833335,-0.16056407171138934,-0.9142218946957111,2.320864675218462,-0.6516824186304049
1.6265821554257867,-1.0884008640562968,2.6723675637405697,3.522688366900289,1.8693663724901406
1.4259262378806719,-1.0566577254865035,0.6654517058794239,0.06716142114117751,0.10211826678727663
0.9296152078312689,1.3510084748713882,-0.7755523383413243,0.6963383600822663,-0.13986880603531432
1.0051609317522194,1.472469880986784,-0.7942250149030036,1.2220319670314679,-0.4881459531830408
3.10072369113966,-0.29708489753367345,-0.582397613087398,0.11878012200539269,-0.8421583579447717
-2.445829228244917,-0.17692399872640563,0.5043509761672167,-0.7313647700808842,-0.5781066133832425
-2.5309633891722556,-0.6312610793527355,0.27941418313060906,-0.21341106164573806,-0.783367475386581
1.0064843482588235,1.47467367129159,-0.7931650451932475,1.2358655931362796,-0.4770184692655471
3.0703215762048695,-0.2814553333080743,-0.33235592490699184,0.35749155665388804,-0.8317275464590991
1.4471009019863428,-1.0213970806096182,0.6824112212355176,0.2884994388181606,0.2801580094671709
0.6156651736339684,-0.9176959724565142,2.96078370054842,3.554432671227972,2.7734151163771767
-1.4975937391938872,-0.43697614956007136,2.163047011752284,3.9768059183683806,-1.1434138363555983
-1.8879234151284703,-2.4916732166997355,3.739516692946012,2.417734511834003,2.8680355945842777
-1.4999000127068989,1.3306792183225362,3.6392973956957553,2.0399774487056628,0.9320010801790577
3.0667985429734426,-0.27627931724820126,-0.2894456788822087,0.4134160262175839,-0.8170070133077444
1.1024262133584362,3.9863296251866878,0.9564121274179406,-0.33966694705506395,0.806156547809042
0.20954464974606649,-4.064065602766678,0.20607353628714284,-0.4367035028210522,-0.6879671331416563
-0.16926560762165987,0.625897111979896,0.16725071003420297,-0.33620165125589685,0.10671008947288779
0.2839905290524902,-3.8869606794534426,0.11232372274214507,0.2834030970121721,-1.0873326502112275
-0.20542128940801202,0.6665201692555706,0.5762733418973179,0.20861418147634547,0.5296178515917157
0.42694395990686834,-1.0221102515276534,0.10433918968853026,-0.7222435497996994,0.30560608485946494
-0.3034650939412383,0.5075943279584848,0.5769265333931475,-0.5522510692546521,0.688727772142053
3.073639197398541,-0.20741305822152803,-0.35816299760699183,0.6908307757304769,-0.8013304797246282
0.9634697071845844,1.5171793269535334,-0.6467600800589213,1.5438921489255895,-0.33099346843638294
-0.20097290670449847,0.6724812565187518,0.5534429242572495,0.1671185748173669,0.23919488783507703
1.0532052413224486,3.9632869750627684,0.8691864076527461,-0.5602680089708392,0.6782841723665529
0.5350467858976377,-0.21158904997786804,-0.7076705550560259,2.0675857459770466,-0.9670416258541537
1.1047947048996678,3.9373220144704706,0.4267932571526519,-1.0365056763234743,0.3408032323538114
1.1484912297979697,4.121959877008753,0.945504226755169,0.4357530705755849,1.4794630144260776
-2.0071128452648317,-2.674207949513225,0.9252643704971507,-0.2909799667633715,2.369820628796493
2.9632065111221753,-0.3855227286106283,-0.34103920672962906,-0.11154062497041006,-0.41856249892261244
2.496001359953239,2.5039216507694384,-0.14839930009477217,-1.791792211846124,0.24778036579132007
-2.4521731910783098,-0.3535915293469286,-0.5690393124297314,-1.6084598753332802,-0.14152122229906558
0.9159979821952381,1.500959223824858,-1.3432926397920903,1.890308734636381,0.5352412681612951
0.9872912992116223,4.00325124889548,0.4973452773167972,0.24738323100978354,1.4163701460883986
-1.611715272922222,2.673687880989638,-0.13705045327749135,-0.08484363032739495,0.16762197576498944
-1.5430252410886838,2.5561763825130877,-1.0424054986369555,-1.314591995584256,-0.18601915608342565
-1.5750824861198807,-0.5799194012186881,-1.7213521819970035,1.5406359887685042,-1.3638378009966923
-3.188361825522553,-0.2145481874413129,-1.8949495227555537,0.8391566883998446,-0.6018075666075499
0.8417392100637802,1.3153848667781456,-1.5979809850254447,0.8215639187328287,0.6282829576384924
-1.6375352700963577,-0.40929726758180135,-0.6544669336614055,3.118590138878906,-1.1082076932895772
-1.6631583169055433,-0.45051899972186826,-0.648596031377431,2.9387477278609015,-0.9958244722128335
-2.0587903212479155,0.8743560756690565,-1.1918995139897217,0.8091739634344451,1.0380856766603188
-0.16049420999522704,-3.6135097398361355,-0.5814338120687835,-0.0702289440059139,-0.31682630828960734
1.4200418186251917,-1.1338758583976458,-0.8494117794851984,-0.522562122209389,0.52235827896267
3.0259780121086775,-0.43086641442558576,-1.870968063760158,-0.551005895562703,-0.12354923785911755
1.4783886757820832,-0.9623093143830747,-0.5353425888455271,0.560601013287967,0.6676951828885035
1.3697575391960215,-1.1388654781186034,-0.5431691550277439,-0.31093324628152175,0.7377852320988945
-0.42068705835840947,-1.5085035021693078,2.558780062344561,0.8879329361963204,2.9700568229422157
1.4343774815940218,-1.2413633141243061,-0.020385679000657936,-0.6152372155730836,0.44646196137252353
-2.092177718666029,0.6792491396023912,-0.3940418549620139,0.3008895784710435,1.172235268072306
1.5416978862102366,-1.112606981937168,-0.22293006020397899,-0.21640083248952885,-0.13984544296232415
0.7042174759753013,0.2715288852175785,-0.16367712553016278,0.6268022232841086,1.3672000515554714
-0.24818418020780664,-0.23669728630248485,0.8964877866545287,0.22269670366320007,2.9119166654799113
-0.24333773046977564,-0.2396695120575519,0.854637510339502,0.18060586020431552,2.9083236162460513
-0.4057426579951283,-1.8044035911798664,0.07000516306018856,-2.3368613782372396,1.8851348635358105
1.5200450889208645,-1.1472173431628188,-0.21387924879073694,-0.35474236519309926,0.005920229866900577
-0.12932555043930585,1.4882440950883309,0.6975097842968753,-1.9535737977609846,0.7548100065275689
-1.7431385548306866,0.5568356132776502,-0.3686880310552844,1.24003336749408,-0.8498898727410592
-3.0897675857044664,-0.31713090373995084,-1.6000079671046479,0.3382373995741271,-1.1570091115898908
1.0875705578537185,3.827622268647275,0.4999059524977083,-0.7971825035701863,0.8927630579583089
-0.06970997385147837,1.5625393175535245,0.6010074573891159,-1.691904288747556,0.5117299819888648
0.6939004569138681,-0.2561648914798782,-1.5401367766923508,1.8524599387646448,-1.4605757952578522
1.1201540571547746,3.771454527438938,0.06868355283036769,-1.3840944514167681,0.7233027586097791
0.6378261459160235,-0.3024777593868829,-1.349334200056979,1.8133083777170993,-1.0990348330764923
-0.11957368602801319,-3.6023216188635523,0.5362222060212888,0.5882520716122717,-0.5144453359737615
-2.490633618434104,-0.6884759300720742,-0.11355340530491834,-0.08931908495887353,-0.5162365552253682
3.4222720738080663,-0.45587832502634895,0.6685364018251769,0.3970856822054441,-1.7597583077885401
3.35543920281542,-0.6938963978291157,0.17179721011490065,-1.0625457271549836,-1.5425092408852834
1.7888256698541096,-1.2887004490207048,1.3813829401098894,-0.34005551632783926,-0.7164256502674602
3.915318363147049,0.353997447916803,3.7719360272091023,1.9806482618872332,-0.8562946578412137
0.15472426852643376,0.4468223282122481,1.6315323273922475,0.03996695969451926,-0.6154925357375339
0.8431146795852894,-1.2162159246565085,0.9036855847190796,-0.9497597952120154,-0.9623183350322005
3.3819529300603057,-0.7305046993272248,3.8899981848053655,2.1244967521395623,-0.5999751226888574
-0.03816112824085283,-1.3494366788766123,3.6800310270676273,1.320295026360541,-0.6004052166997097
3.3780720466525493,-0.5486738214262277,0.59445771434356,-0.07444807895795764,-1.5644329319377617
0.12465283901373526,0.3996395088090005,1.6602336473162909,-0.09837984466450628,-0.21268635090415103
3.3784154166113978,-0.6570822462986602,0.16380636841141416,-0.9103705683466016,-1.6771474297970144
0.7675689556643395,-1.3376773307719034,0.9223582612807584,-1.475453402161216,-0.6140411878844731
-0.12371522745908235,-1.969444835233283,1.4665560713825914,-2.642702518704987,0.7689739513694217
3.8157410094769566,0.29093688247948735,1.7780379049135837,-0.6950783442769276,-2.2296774909659587
1.3460241958398307,3.650485965174659,2.18415401544018,-2.0718200552898036,-1.007812744654033
3.8415459051389265,0.4239502100053072,4.705406811620428,1.878386146300429,-1.397646583181863
0.692473081149612,-1.2699283589882038,1.8547690759823259,-1.591549143852832,-1.1665205971426147
0.7699479812707604,-0.9148048518928111,2.7716195126278342,0.8140785269348216,-0.895205380323895
3.3555456822627954,-0.3962775950575899,1.5161866941869335,0.18297462749124646,-2.3305512994318978
1.62443667616136,-1.1295975165121408,1.546466322735243,-0.4528474322284529,-1.3143904233360368
0.8040146941106117,-0.2511008872537511,0.13332833307430825,1.6286723064970863,-2.8214549986809914
1.6314827426242127,-1.139949548631886,1.460645830685677,-0.5646963713558457,-1.3438314896387455
1.5148984224617668,-1.284132412952661,1.6557704239207072,-1.06036813717308,-0.8354164727263517
1.2357438092307202,3.87712528827004,4.67962835042687,0.8410745002942707,0.35134761971745093
-0.0393588451725453,1.5526931237793673,5.314325484177351,0.09175274293205155,0.495238088711988
-3.011189419648599,-0.09140787251764847,1.1387113675526568,1.9275808328542219,-2.3301314927126873
-1.3485992713750015,2.7286866713917592,2.07014501172709,0.051689872910705925,-2.008412720880092
0.1252398955694447,-1.8280623254293038,1.9687097852252333,-0.25492378658636144,-0.44917514943035575
3.209578040215133,-0.503940401053277,0.3517201686768358,-0.9816668775882352,-1.9846892391089512
-2.9883241888971184,-0.0504390797286814,1.209811475866935,2.342579072687653,-1.4822259511795686
3.728865820593655,0.5330193734615503,4.174401057598441,2.1889743004640785,-1.0902338013963808
1.5405397016295073,-1.209752310194533,1.7871100173891283,-0.6020833086254958,-0.8146182230090856
-0.33711423332826757,-1.8338484321334085,1.8738320343461472,-2.6280525172509583,0.6362905449735055
3.6776197269752844,0.4505759091814172,4.186142862166391,1.829289478428069,-0.8654673592428921
3.7101743730069625,0.4435330844265833,1.3635321684234365,-0.11987612703305559,-2.0572512343081195
1.2589671581037425,3.8007768607709678,1.6472773591342176,-1.5813894901081487,-0.8127831839452951
0.6323625067293133,-1.076211940947023,1.3130814871021463,-0.9074425415483616,-1.0727467735931278
-2.9999644969319337,-0.3113150998166074,0.2207784195374042,0.26838427823739036,-2.227813687472303
1.2077210644853724,3.7183333964908347,1.6590191637021674,-1.9410743121441574,-0.588016741791807
-0.01695273158250965,-3.598692969491969,2.2494176526834617,0.3788880305939768,-1.893986457998027
-0.20924613435938902,-1.514577192403548,4.868837672515436,0.8457986870498658,1.1038670543408005
0.6820380487640321,-0.88280968794217,4.324639862413604,2.013047803593638,-0.2791480849130929
-1.8626504794408463,0.9246951841446571,4.019658409979946,2.994063043789697,0.2696101444325977
-3.0664057627867822,-0.18046270771219755,1.1472732629913391,1.526395132503778,-2.138747502311679
-3.045267563398222,-0.2115188040714348,0.8898117868426406,1.1908483151216027,-2.2270707012198048
1.1901058983282404,3.7442134767901996,1.8735703938260821,-1.661451964325677,-0.5144140760350349
-1.4946059759328678,2.797875856139773,1.1481053837950768,0.06137099482171568,-1.4095715663180848
-0.1735201191574604,1.6245245964880117,1.7360162980527336,-1.6932019928873396,-0.09445991877328394
3.000242351462573,-0.2545454859988921,0.5415959745247156,0.6895601162064924,-1.0932424758534909
-0.5038301533448621,-1.7549741346699295,1.1181335419644851,-2.4638416476092244,1.238376412553461
0.4696842178449575,-0.9368472019585294,0.7628834134311568,-0.32526779138457995,-0.5428239130856262
-2.0343860356668864,-2.473637191772358,2.4881036698894854,1.3219105308037964,1.8639042787823226
1.0445509902039305,1.8031404190927667,0.6704561982939724,3.7186358155236094,0.6585431808467258
3.561968051724275,0.5201020755392756,0.4854627562259611,-0.04043690945354183,-1.432562062677267
-1.5301756332846703,-0.41532719860369555,2.766246744783029,4.056334688823133,-1.6835275731573145
0.5538981651044214,-0.21987329650583926,-0.2705262956704095,1.8390932322979445,-1.9102208754891932
-1.5524691520842597,2.7044134403356117,1.1545473398142465,-0.36748195773835085,-1.2404425437520645
0.5542597674218265,-0.2951233507602102,-0.5639671458501593,1.2816131604388799,-1.8897539025544363
3.0198859064025636,-0.4618802551202541,-0.3959874820013388,-0.9696311667548841,-1.247965182617266
-0.32305462721661077,0.46027550384220656,1.1275326350426176,-0.8210750742701985,0.16666828972561187
0.33240891458233957,-1.0381865829457788,1.261559637968936,-0.38796739194150826,0.10201728763872867
-0.22056243997987113,0.625162432402473,1.1040490259067184,-0.10170543019818111,-0.28286459458136454
3.068485167007725,-0.38384437144973044,-0.4098492259887995,-0.6376135969284984,-1.4949865926057415
-0.5093815753591472,-1.5683434297880587,1.8840760143914081,-1.0283482429026325,1.3342169867118174
-0.5430125028203844,-1.676666974367555,1.6812665888354428,-1.667655412757121,1.4853807631085345
-1.997374449646809,-2.5936894621635593,4.360329132828681,1.957736049234744,2.6650715210127944
0.5830832795431852,-0.8960470215001372,3.5639834335791662,3.6339614416827275,2.23330137957546
2.999623907232222,-0.44040775543050087,-0.18355619129693618,-0.7176760711460279,-1.1966174846954811
-2.4177967062068033,-0.18822017673842542,1.9018654352004756,-0.45379510060762834,-1.4957792158461425
3.187324361605419,-0.3985771388683368,0.08458269381479479,-0.5681998172089929,-2.021207507898188
3.1860009450988143,-0.4007809291731421,0.08352272410503914,-0.5820334433138045,-2.0323349918156812
0.7172989891750378,-0.2170606217789374,0.004543461435052145,1.8225607013217875,-2.611300193697661
1.1841439693690534,3.82149286837097,1.3908217191303687,-1.5414408778697237,-0.6356624944985346
-0.41061400555635247,-1.8109286342286024,1.6184363640520543,-2.5742702789077234,0.8245387183377582
-0.23724614820835943,0.4899230906576506,2.007096799359502,-0.2621746945822423,-0.23819531112213954
3.10913180467126,-0.524446125593343,0.10113543095696272,-1.1215606763678183,-1.6951853285854495
3.0835087578620746,-0.5656678577334096,0.10700633324093708,-1.3014030873858227,-1.5828021075087055
-3.0433928396473218,-0.24121248250855434,-0.06331857068073167,0.46051332093965097,-2.4423716989414324
-1.3790138262201763,2.6260316092980083,1.0524756941099032,-1.025676247491342,-1.9282409874934991
0.6461524987037315,-0.3532816406236881,-0.06472429347234629,1.1573509030355693,-2.3147190806876337
3.631619942860531,0.4413750875884073,0.9260958529357113,0.45065127017772844,-1.1928758052056798
0.7104736984617005,-0.2561295938010129,-0.22464730862238738,2.228046886206394,-1.9944034067808034
-0.3119386737023358,-1.7559531513351716,1.0744410740984787,-1.9792272696005413,1.0346245617173833
-1.914991357742197,0.742187915544591,0.12133969668693523,0.3338712134190392,-0.12060476015197476
3.237829416784105,-0.44300852328920104,-0.5366711927496648,-0.4861914473796438,-1.6491787404202627
1.581179959941619,-1.1296366033384457,0.8822480565810932,-0.0651017284470141,-0.7027657845720747
-2.6362389835116917,-0.10969061831465032,-1.2735388404029635,-0.8689609631037656,0.6504086720594064
-1.5513633648864629,2.9647020238655415,-1.3877477723095193,0.3537408799552173,0.37585094693969756
0.8139605902382084,1.6363242992966847,-2.1875536406950884,1.8229329155191019,0.8049808452150302
0.44520239479295937,0.002571844823013599,-2.2798564287709433,2.706316606262023,-0.31287426636039034
0.7909843764422321,1.599510147766229,-2.1795627989916024,1.6707577567107188,0.9396190341267597
1.3480631716441032,-0.9057319222789857,-1.5130631226364577,0.007273113413480952,0.894381542389984
0.2405377241807745,-0.7450004840181464,-0.5777605344774175,0.9381307757146027,1.690372743966178
3.445264400760762,0.6754454044286984,-1.7325477047145121,0.36732170567405154,0.2035651017715087
0.9980948169897784,4.093179622298098,-1.2433020952930596,-0.6762277768789896,1.3758701450618813
2.926158469235026,-0.26972277470037487,-2.6219887846452994,-0.4096973928189108,0.2535237929197781
2.8749123756166557,-0.35216623898050825,-2.6102469800773505,-0.7693822148549208,0.4782902350732664
-1.4945509099240593,2.744881573667044,-1.290031768531834,-0.8668768994019447,-0.38314986293186165
3.015712966903691,-0.32604004240630663,-2.0671221921915715,-0.4485520301671411,-0.11457542115519098
-2.607470483354051,-0.10159038695132014,-0.08137837583602564,-0.1519503136254256,0.4363525517497921
1.3152924668355184,-1.126834602499202,-0.8134019709407727,-0.6800131420493601,0.9420844246536005
-0.5301031064214939,-1.6655316701559222,-0.5900405119665556,-2.178529391603183,2.4694288619409255
2.9503747403596154,-0.3877794424469482,-1.8837394035244905,-0.5845389739483672,0.16907315360371492
3.065635644015457,-0.24580036843097802,-2.0799239664692752,-0.10270083423594287,-0.3504693472261725
2.9368154376932774,-0.26825055000450804,-1.326477258937507,0.3914896719217432,0.3036942830820447
-0.27790510147551284,0.5236514917179337,-1.1443455194945744,-1.0829385115741976,1.093970587068726
2.9644668732853208,-0.40848350668643985,-2.0553803876236225,-0.8082368522031507,0.11019102099829736
0.05015536606168943,-1.3474708007971914,-1.4429292554006017,0.5130641814660417,0.3150617538350084
3.066959060522061,-0.24359657812617264,-2.0788639967595195,-0.08886720813113122,-0.33934186330867877
-0.2451686065910494,0.6084002623488529,-1.0337164042467104,-0.6384820374759702,0.8466008408643404
0.4191116344657455,-0.8864226792797832,-0.9383597685061519,-0.20596432029172884,0.8117392412960767
-2.1749485082329745,0.9728257176527255,-0.7077077904218613,1.4599729091180387,1.8053118643796757
-0.3387220158818505,0.6005066614127185,-0.4349511654579792,-0.1466513918960849,1.6199220812470334
-1.5518822129322758,2.821354326483691,-0.9116904686453616,-0.1996180777812332,-0.10968648563061646
-0.2963974249670554,0.6302255091046407,-0.8984859205469148,-0.37594343541694825,1.2331441116741493
-0.3344640505950492,0.4703448360183776,-1.2877759061385932,-1.4326192489935803,1.1696409806205412
-0.5588211596484668,-1.6518380294620292,-0.6461015208766923,-2.1396833961434885,2.5400494881411575
3.039117207513305,-0.23948653410176296,-2.179955191113952,-0.13361293444475766,-0.30569673809478703
0.5721858843845192,-0.04177504942846467,-2.211784328920131,2.3822401841737766,-0.8254314711554387
-1.0593971563330695,0.2289034541202506,-1.468589103603104,1.319767940673488,2.5901222835431694
-2.0423398074263224,-2.5226229462666567,-0.17243562689791175,0.27797888430910445,2.9577018953508314
3.0576450386057674,-0.20863346983448813,-2.1651156151773683,0.06005783102260409,-0.14991196324987907
-0.2489527692505651,-3.5634420141240013,-0.7747570199785774,-0.17735493120372428,0.046765045589368975
-0.08351646547886869,-1.577168181916469,2.209315085184325,2.389535909720866,2.3289883060752268
0.49179371072553796,-0.16026422978879126,-2.151261376043424,1.8986374206834582,-0.473561274773853
0.9181851058628148,3.9083197346843472,-0.32933533097567386,-1.3870126260984799,1.3212774464291472
0.9646703637141354,4.080772865948208,0.04030414610520473,-0.330331540866391,1.1277400654785974
0.9421413662065463,4.055746101392041,0.09438514296274152,-0.3850813517966425,1.3104812392941627
0.5362460000177837,0.01140833694056532,0.8668423263926371,4.33823460259807,-0.007966895603490464
-0.28110944807397736,0.7326939891357425,2.031188434445508,1.6612933875137768,1.6926607742786017
1.0137456938770606,4.121471220139516,2.463920851347406,1.4613650344526656,1.951145216110651
2.9199746999801506,-0.36783313347036306,-1.8389548355824104,-0.8040681937501758,0.030150407936934187
1.267277260298922,-1.0810082132232526,-0.5540661728747782,-0.6199200140326886,0.8767643447435922
-0.5073334248041883,-1.4082342077808507,0.03200389118658803,-0.8957463934412284,2.0870606960861293
-0.28218572950353527,0.6173276198014119,-0.9942316848534096,-0.9271793878018355,0.6520406756100926
2.975021256352838,-0.311976061759299,-1.7254513845555188,-0.5369968345530794,-0.35495201915074504
-0.5756412667103773,-1.6484954637538478,-0.20651942801547618,-2.224883352530236,2.2326453131792334
-1.7355774955753127,-0.6155639449929232,-1.4665314016069013,0.9471243448335022,-1.1162666316786363
-0.11858080383908279,-1.6515245182689646,-0.11588155597541333,0.0929108737151164,1.1026696831053977
-0.2321152998154874,1.7198827998340842,0.2847525294179352,-1.5943498542898142,0.8779023502334116
-1.6896068356248048,-0.5087772713139493,-1.3453025892614785,1.529917079979844,-1.2523615387080873
2.9803149223792555,-0.3031609005400772,-1.7212115057164952,-0.4816623301338334,-0.31044208348077135
1.0284480053736853,4.05323164158996,-0.22439377538746497,-0.7187555665509404,0.7447910289404601
1.09945814372698,4.28479938418039,0.34258688488925976,1.127005813522573,2.4409333887892073
-0.38027300520800694,-0.18202080947618257,-0.009339834830858273,-0.5733657162647492,3.2400222102697076
-0.5743178502037728,-1.6462916734490416,-0.20545945830572065,-2.2110497264254247,2.243772797096725
3.0262673499712074,-0.22953259747916593,-1.7371931891234684,-0.17731201251706957,-0.5797184613042325
-1.6256036819563786,2.808688320946889,-0.17116559987547125,-0.1423572887641726,-0.2573011270437862
3.441115173331766,0.7024591044019995,-0.24176496683019907,1.0395908681988368,-0.18909481339466405
-0.3104069912126306,1.6395196298538128,0.45421742356429873,-1.8105461504375098,1.0933869703552528
-0.1693932016610681,-1.589637337601416,0.4343935660845814,0.8227213823055624,1.2926375629408993
-3.243902563162004,-0.12242984652959743,-1.848111260411444,0.674941084020419,-0.9196878849214574
2.9611915912815525,-0.3210162350294461,-1.6943390936319425,-0.5336144651462298,-0.3861404728014681
-0.309643054001146,-3.62876011171474,-0.3474617981931296,-0.577941155394192,-0.2609297986028521
-0.5894709317816623,-1.6575356370239946,-0.17540713709189973,-2.221500983123387,2.2014568595285082
-1.1097943297357944,0.31034480383292534,-0.5370527643784548,1.9637937993881915,2.2454348789312055
-1.1190400129234697,0.3280766423173491,-0.4072620565943499,2.1454008341840916,2.300723962302762
0.4961895718861868,0.37937889753818826,-0.40215855368852077,0.5761538334847675,1.8070327525424066
-2.600776877535335,-0.1823550622874936,-0.43700948998795197,-1.1738951050825326,-0.07433407955201546
-1.7899129266287248,-0.5485007482655018,-0.8733460335221241,1.732859322987644,-0.9115782186917802
-3.186933819587384,-0.05254220467401532,-1.9467335267387142,0.9089433408242253,-1.1850228772951479
-1.5296191049816483,2.791895548634232,-0.8823292656509086,-0.7438397060089557,-0.774632570338515
0.46887583089797163,0.06342747057170374,-0.8389148089051429,3.4886700841363036,-0.8437654196721551
-1.4476485054109638,2.7651977030376993,-0.1561006822748596,-0.5568445612572961,-1.0965831511524267
3.1080532011079267,-0.29776206755962553,-1.197583454077025,-0.3080577244914733,-1.0398426132781204
-1.4569798025696208,2.6958921002934635,-0.3658409798245563,-1.0301429461985911,-1.0689300797499484
-2.5351836415861597,-0.26800647850851483,0.16529928788796724,-1.3483494061447774,-0.33919052266073974
-0.4912085825604494,-1.7123173532246958,0.33521024645047875,-2.327961812295018,1.794776129040331
3.0565599724125097,-0.26704295281023493,1.8385185000800865,1.9068966026833176,0.21441644362638398
0.49736528356607457,-0.7586862283319651,0.44934142713570246,0.8955345315494232,0.5836255237795386
3.135844947746621,-0.25148247115871325,-1.1753240901721518,-0.017551576290433416,-0.8061654510107585
-0.18865891657287254,0.5357344989807152,-0.32301687595359163,-1.0675368059862842,0.09834544220697519
3.1093766176145308,-0.29555827725482003,-1.1965234843672694,-0.29422409838666214,-1.0287151293606265
3.5476431591928983,0.5193333345396371,-0.2926496067138264,-0.09823311126214883,-0.7749066090311441
3.155911423273405,-0.3466010325901004,-1.8209572800609959,-0.2537166068717475,-0.690068813635181
-2.4630257891181015,-0.2778275017037302,-0.465005410089735,-1.1279995036118582,-0.1129274280120383
1.110816234577325,3.860331113113308,-0.2932361526277767,-1.1133441046271932,0.8925895705154812
3.0315760643718503,-0.2967733856643261,-0.8159199986645046,0.7558631276861173,-0.05996520549558257
-3.10615147474477,-0.21790228594583344,-1.8761071805132266,0.720836685491094,-0.9582812333814804
-0.2176698348349501,0.3632303375300405,-0.9287779950856393,-1.5527229214205718,0.7852689050801467
-1.5832331968235638,-0.533530733090371,-0.9253144787343657,2.2352804008834646,-1.3540861338869927
0.631649754252595,-0.14352713551801272,-1.4607233013601562,2.585614326802043,-0.9649355272569011
-3.0600997412299047,-0.3233337684770007,-1.537193940250834,0.3343048333852007,-1.1980828727782349
-2.4143272225900283,-0.3788514036252853,-0.12397223040782994,-1.4868641035081296,-0.3304740995738062
-0.42495006247215134,-1.7263548441044072,0.779652789415015,-1.4604260226562928,2.098251551370263
-1.6520171193608801,0.6927982188954862,-0.15290569666401807,1.9854922865091393,-1.1803586484717103
-1.9321113915085442,-0.4312707498433682,-0.8950269526946857,0.6044582394945365,-1.371191796584778
-1.419144157887124,2.495308784824817,-0.4594989889107627,-1.4014852417323045,-0.597416957322404
-0.2819521092532847,-1.6375712855417086,0.1940961031179147,-1.5234089873315675,1.4128418004257068
-1.3352289509967155,2.608621949125272,-0.5629321878122522,-0.9738069478056829,-0.9640076868553457
-0.12666062980321074,-0.11636424491024812,0.8622284328653885,0.7294441880297639,2.571017078263586
1.7132178468304424,-1.4029832413391694,0.014316267239140713,0.7370800946895234,0.8498264375680015
-0.07617198054619914,0.43303781567888505,-0.5275278719095792,-1.108036190327056,0.12537544767912415
-2.2765206779612015,0.024417670531789806,0.6653266300743802,1.2616438508666512,0.8820562517836624
3.1935936738188104,-0.44388427330632707,-1.3972835174587936,-0.5422331459550612,-0.9115568706467203
1.1228754383135466,3.7218261402570154,0.13630851225840074,-1.5817030547285114,0.7834847345806858
-0.11877593324763984,-3.806857695163828,0.014845525670309886,-0.751983927627223,-0.43558438196832766
1.575783196492998,-1.1004110887855127,-0.11084596906684653,-0.08140717248589147,-0.09943376749435336
3.687076558535362,0.46006217368267877,-0.5019715352440327,0.054943541519896694,-0.849132340718246
0.5355387503856216,-1.1464323805346903,-0.42148940131082785,-1.0490369212836363,0.30415280634685504
0.5870081515308407,-1.2104601409519673,-0.21083613792993516,0.7011218210870106,2.29924655292972
3.1303235879705262,-0.5075409398935982,-1.2253402944607616,-0.6982675658436936,-0.6419960330589086
-0.8564711378099892,0.07484576778619667,-0.8044590196223137,1.0144335010210894,1.6158195501065007
-0.07895028958843808,0.4340927748873238,-0.49711716126360106,-1.0859928229755778,0.11488075974189087
-1.3459477590785818,2.5964541665048784,-0.5388812954248092,-1.0347653370830743,-1.0412672782975392
1.5588271405540715,-1.165689506566243,-0.24832527965553713,-0.49057134661682483,-0.07868233479524633
3.6560283696707296,0.4154878201414404,-0.46780986173359135,-0.13052275435625343,-0.7694987754137216
0.5340838578499871,-1.1431736310214464,-0.3900187209550938,-1.0131599278273473,0.3047856023271149
3.2071927283980814,-0.3838757434733986,-1.242953001312686,-0.15874033278967956,-0.9791456962891412
-0.8728302690729425,0.0490505677797674,-0.7911683293700486,0.9314264727367637,1.8060951586056997
-1.9083722211648242,-0.3654192845462859,-0.7783068340245812,1.0011947136202801,-1.397863735791086
0.7207899923461906,-0.26131279700848964,-1.4469120391925585,1.8705707399271945,-1.512144244383429
-0.08292053910825145,0.4274814039729076,-0.5002970703928689,-1.1274937012900117,0.08149830798941071
-1.3446243425719775,2.5986579568096833,-0.5378213257150536,-1.0209317109782625,-1.030139794380046
0.5314370248367778,-1.1475812116310569,-0.3921386603746054,-1.0408271800369702,0.28253063449212823
-0.28165460135248416,-1.6534797293674324,0.1355064125850595,-1.6547154374219164,1.3395235944332837
0.0419165382186695,0.3431186966294726,0.21066551755716556,-1.2851234308702935,-0.48634013752849753
-1.2224340982582647,2.509887668856637,0.17102132281546917,-1.2062286927681665,-1.6202332077329415
1.1495616364750973,1.29200400766599,-0.21185320976413333,1.1674587259085139,-0.7359214774881109
0.6562741021636991,-1.231943918974493,0.3188239275754292,-1.1984569096172508,-0.2853078110257797
-2.958370353727991,-0.4390480875328425,-0.7857098605318233,0.0742105645576392,-1.6195228494866585
-0.03281528081824552,1.309678647021735,1.5102590051853833,-2.494278426529159,0.32678710228509145
3.3249837392621493,-0.4578864186970877,-0.44616992131308464,-0.20452112324256927,-1.5175430755043413
-2.280308556492036,-0.42160433902449623,0.6920508094049947,-1.399927246115594,-1.0473868073904506
-2.8638186655308773,-0.2873839008014085,-0.8155532879262568,0.7105784520007896,-2.135820637298597
0.10717194604952823,-1.8733882446784638,1.8612618012205937,-0.49661507657812215,-0.30793689859676615
0.003732684443265476,-3.70095506539973,1.6699569624062092,-0.4779724245984387,-1.914674071829335
2.3551278048851554,2.4678602861448593,2.6561553751812332,-1.2909500411593235,-0.2782217879927289
-2.2512754197846068,0.6095342543542405,0.7295236691014738,1.2740685611899445,-2.238594320140785
-0.17604312414601997,0.34372613293832466,1.026204774261451,-1.6668520782323246,-0.3912166034484769
2.418628017021815,2.4617294382958086,2.223301952068941,-1.6426850735686547,-0.5155553727480299
0.5385887779523709,-1.0922281183587566,1.0176392951259596,-1.0695002347683353,-0.7470506149778972
-1.3846810519425146,2.6320580273268646,1.089198853064132,-0.9913257072235862,-1.9071176087690354
2.4233888527888636,2.3717197713120806,1.8419206704201125,-2.339681336764734,-0.5467844339509684
0.46840410167026403,-1.150995292644331,1.2428723601080671,-1.1633963350906742,-0.459808990985129
-2.3966704641967596,-0.2796847481039546,1.3919261466652815,-1.2571369451618668,-1.4980021274250754
0.0376360330371382,-1.8448469382912993,1.6324772866437753,-0.4452386971604049,-0.1159445561314914
0.03101895050411593,-1.8558658898153264,1.6271774380949957,-0.5144068276844618,-0.17158197571895809
-2.394023631183551,-0.27527716749434394,1.3940460860847927,-1.229469692952244,-1.475747159590088
0.04820513273141766,-1.8603749864709171,1.5037465485694264,-0.6130121058514926,-0.1601061555855544
3.1467210242737953,-0.4699196851057232,0.054646953255697836,-0.9085476553709576,-1.726866365900492
0.6138869409045514,0.30524497865091915,2.0699418573618926,1.0689348692139984,0.6497910195114468
0.5196501952886339,-1.068551828364198,1.2311305555401184,-0.8037115130546667,-0.6845754331386188
-0.05940949258977612,-1.8600021937930833,2.2020522895339023,-0.0779054148683684,0.3001888169896034
-2.4844703066359988,-0.31257184209016564,1.8317104417713033,-1.071410697665729,-1.1371578376755367
-0.08503253939896116,-1.9012239259331505,2.207923191817877,-0.25774782588637246,0.4125720380663481
-2.5180156201262545,-0.3338579454410031,1.9684320215491382,-1.0558124477830226,-0.9583580493097429
0.18116342343179365,-1.4913504434966074,0.6788398900466661,0.053068556262224294,-1.2972291909102918
-2.1854043629811626,0.7700984825978316,0.9317620409222444,2.162386272586494,-2.4465038980267786
-0.11016698106433208,1.6557743849696558,2.7567146521744603,-1.0019410315645025,-0.2028460465071985
-2.301109876182515,-0.06653326264878799,4.185182328988363,1.5912407153892831,-0.8681343577435683
-2.43057738000442,-0.22572079720042185,1.8220885766228658,-0.684058623420096,-1.3396693119940382
3.117604465147931,-0.3896720120735914,0.2795407971808179,-0.34374263648507414,-1.7178850105508328
-1.4187970563898165,2.5743614142748057,0.8140914583890747,-1.4157982668236284,-1.8166337573296598
-1.9920483741582053,-0.1765381224956454,1.4735790091295982,2.27876310169665,-1.9887181055408123
3.0653965573403616,-0.5495693209129008,-0.003218218140738289,-1.2747411564849596,-1.483779079380081
-1.4534945584447128,2.7249464030764825,1.6288150791247549,-0.1042228035713447,-1.5936894289432046
1.4802551932865877,-1.1752264363717646,1.1915279359176678,-0.7459217111251755,-0.8134802636071639
-2.332943256676888,0.6382930434194951,1.1023098436371832,1.743797549464586,-1.88279253576112
-2.498324311912959,-0.3917409548319781,1.3441717563918418,-1.7478383528746273,-1.098021684157946
-0.09323476887097804,-3.665212349929998,1.373685411284518,-0.40543747204909253,-1.6821059171621502
0.5111572376505177,-1.085026709276191,0.9501522585810854,-1.048341661636704,-0.7064748027759876
-1.4985890181770036,2.608576132728027,1.4625560813350371,-0.7706072604910064,-1.4945700229000938
-2.5057319806932172,-0.30613886845786203,1.723433098621158,-1.0785093418881706,-1.0890475907899941
3.1678887445771022,-0.38468239235263296,-0.026701827276636305,-0.5553715124129418,-1.9333119636870573
-1.3785490463955565,2.69370391037833,1.02220073249382,-0.7073229664450827,-1.912160114138908
-1.4570175916761392,2.7301224191363556,1.6717253251495383,-0.04829833400764886,-1.57896889579185
-2.4241020044986135,-0.2724833390213891,1.3244391101204072,-1.2359783720302369,-1.4574263152231655
0.5891026595076304,-0.8459951435216607,3.9579596710280804,2.0796583467329257,-0.0030043673377080854
1.5387292022205945,-1.0113434088256241,4.02720544829097,1.8955362513427936,-0.12327364320251963
-0.20566919489445223,1.5097913721733087,2.5309594595433533,-1.799342074160916,0.07148736064955255
3.610307384528068,0.5286121857419923,3.81359176849689,2.0757424325853595,-0.7017068627442524
-2.500971144926168,-0.3961485354415887,1.3420518169723303,-1.7755056050842495,-1.1202766519929324
-0.05609554799799068,-1.9768387738085518,1.4538722188764763,-1.1313807657738748,0.21761931984658836
-0.05441402171286086,-3.6682694559780016,1.1039932145933102,-0.6441436350421318,-1.9495772406519802
3.039057919416383,-0.24489719407493166,0.2863875966997874,0.6155877215595557,-0.9642942008347141
0.41844562955903886,-1.0521813095102848,0.5797980591896036,-0.9790830954556087,-0.4267277436304937
-2.5397898263860683,-0.27645209078593946,0.962075752432411,-1.3188949646575217,-1.0430410671659394
-3.2649927044957274,-0.26196979143880544,-0.09612218464438056,0.5899849067093677,-1.5681191330060444
-2.5910359200044377,-0.35889555506607274,0.9738175570003605,-1.6785797866935308,-0.8182746250124514
-0.26934698595205225,-3.6800136568796606,1.35517507552998,-0.28996884970887254,-1.093210602404813
-1.1195921667404294,0.00477670223535588,0.4993238729547595,0.5961040696679222,1.5937759772620688
3.441868203662853,0.3482045840067517,0.5286704366762718,-0.7743146877421002,-1.018096785311874
-1.7683992871104661,-3.8422000768446827,0.650211790842829,0.9277289193948991,-1.6576193500176644
-3.1682723164691056,-0.10524774044652563,-0.09783534584996638,1.3370165313355529,-1.738356537473876
-2.515490196083487,-0.23743414895067821,0.9551448804386805,-1.1528861797443284,-1.166551772160177
-2.5654128731952532,-0.3176738229260059,0.9679466547163855,-1.4987373756755267,-0.9306578460891954
-2.489867149274303,-0.1962124168106111,0.9492739781547064,-0.973043768726324,-1.2789349932369207
1.0222264935979533,1.5838892246434493,-0.269033194945572,2.6476436828752723,0.5486169897831019
-3.162285066411883,0.0735173812694604,-1.9120707716910827,2.0237129696803953,-0.37493116680585853
-3.249741538892273,-0.06777813758918222,-1.9029378225172053,1.3735167277878884,-0.12680137491557308
-1.0960079828846303,0.12450337303391766,-1.6666732787626666,0.7247357426647043,2.750417211379303
-1.1216310296938157,0.08328164089385078,-1.660802376478692,0.5448933316466995,2.8628004324560483
-3.18655377981915,0.022061768808675372,-1.9772403816207382,1.6772823519156586,-0.6233288622245738
-1.0703849360754458,0.16572510517398423,-1.6725441810466404,0.9045781536827091,2.63803399030256
2.240010092359846,2.6092183721501376,0.10957789351425491,-1.0851501614656314,1.4148659430399548
-1.1449688458071963,0.12171754361776582,-1.3593706845954552,0.9501982446973822,2.976971648433022
-3.1385547310857835,-0.05260624633434966,-2.579043795677455,0.8805061519191048,-0.8405438102610288
0.8510587708769792,1.5865885485007376,-1.5827916850337498,1.92370840852896,0.7586050514166051
-3.1898008247041534,-0.13504971061448248,-2.567301991109505,0.5208213298830938,-0.6157773681075401
2.9976781635822682,-0.3077560188149682,-2.198978594206091,-0.4081118714650784,-0.008627290230781723
1.3234135405826508,-0.9685040185648478,-0.5655081147514166,0.2926001952860333,1.0113883313741783
2.9720551167730838,-0.34897775095503464,-2.1931076919221164,-0.5879542824830836,0.10375593084596249
2.945108653457295,-0.39240327339990627,-2.188296759347897,-0.7816303196058989,0.20501166800521317
2.972219126516163,-0.1913743677768085,-1.5783070986846424,0.6095445882831313,0.10671798008603253
-2.5492435763185965,-0.12881656503242442,-0.883050572201853,-0.8130886604004653,0.18264750669790444
-0.34701690239398214,1.768579457995105,0.8786119823885662,-0.4280909688706587,1.8239273442139659
2.9879780459073224,-0.31828306658392674,-2.179539459006164,-0.4362421532554857,-0.05375116646114527
-2.5828745037798355,-0.23714010961192145,-1.0858599977578178,-1.4523958302549533,0.33381128309462094
2.9623549990981375,-0.35950479872399377,-2.1736685567221894,-0.6160845642734902,0.05863205461559894
-3.2238005726816796,-0.1845947002187034,-2.540931983915849,0.3266822631794932,-0.5373905393436668
-0.8812479216765438,1.5591800904935862,-1.6155442491180712,0.4101683466228319,0.600274828214152
2.9367319522889517,-0.4007265308640602,-2.1677976544382154,-0.795926975291495,0.1710152756923425
-1.8078935496603812,-3.7541850411199373,-1.2383136957907777,1.1147665864413847,-0.4010329917333906
3.0392241395256927,-0.2358396023037932,-2.191281263574113,-0.07655733121947692,-0.2785176086146338
-2.598995025488398,-0.0349813565504325,-0.191186787256547,0.1508709831427268,0.4738134567070411
2.9893014624139274,-0.3160792762791216,-2.1784794892964086,-0.4224085271506741,-0.042623682543652
2.9636784156047415,-0.3573010084191883,-2.172608587012433,-0.6022509381686788,0.06975953853309223
-2.5934436034741135,-0.22161206143230353,-0.9571292596834694,-1.2846224215638657,0.3779728825486842
-3.2731230379216516,-0.11213047538048374,-1.940188539568888,1.1096248370712358,-0.331303075224706
-1.1370537973250108,0.08531041554944288,-1.5544827795194427,0.642445615088495,2.8582451064458856
2.938055368795557,-0.39852274055925496,-2.1667376847284596,-0.7820933491866839,0.18214275960983597
-1.882477459392132,-3.798192602676155,-0.9251401993395916,1.160386677456059,-0.06209533360292947
-3.198177525872496,-0.14337296807863661,-2.5468028861998246,0.5065246741974981,-0.6497737604204111
2.920973032897793,-0.2738178320569417,-1.5665652941166923,0.2498597662471227,0.3314844222395208
0.8889960996179943,1.5766435398431253,-1.8717151137107892,1.6562819986010624,0.47579925421502905
-2.278980342745523,0.809399618702949,-2.164869170674299,1.4608678790088077,-1.1123092972844912
-2.58131247771884,-0.00698236623919811,-0.20341750779905654,0.24771163753186293,0.29466533212533713
3.0136010927165073,-0.2770613344438606,-2.1854103612901388,-0.25639974223748024,-0.16613438753788942
-0.25182762353304056,1.6827060949891375,-0.07764415069916783,-1.5615886448828338,1.3209274903024653
-2.5435209263623486,-0.14137238745697533,-0.969931033961175,-0.9387712256326682,0.1420789564777023
-2.382795946488867,0.6423088998378776,-2.1424455312481556,0.7276646088319773,-0.6739038968950085
3.0181869644926014,-0.2269941015777384,-2.256146184906242,-0.06027858859487854,-0.21759601002223478
-0.2472417517569467,1.7327733278552577,-0.1483799743152722,-1.3654674912402311,1.2694658678181188
0.5517759146196493,0.3841597994564305,-1.3045566200063758,0.38075066419411285,1.936813719435069
-0.2644953155966743,1.6834033539002515,-0.22726959437110708,-1.6433252152808167,1.363535506509648
0.6502288818309904,0.69166115145856,-0.6311867233208098,2.615634013946609,3.341076397409458
2.966940870874231,-0.30943756585787224,-2.244404380338293,-0.41996341063088805,0.007170432131253337
-2.6087581285509565,-0.22532238313079933,-1.10887464277492,-1.3940262441714721,0.3983259309208808
2.9426412405716516,-0.34845550769313394,-2.237473508344563,-0.585972195544081,0.1306811371254908
-2.6158041950138085,-0.21497035101105388,-1.0230541507253545,-1.2821773050440803,0.4277669972235895
-3.269137378017353,-0.21476714132790983,-2.5988660332542475,0.17695222089089785,-0.35295823575703056
-2.3000175177786137,0.818245119429004,-2.2297340920064275,1.4771466216334048,-1.051387698692093
-0.225682985115752,-3.4581540852000994,-0.7768693262892515,0.3675131758095549,-0.06045960218885841
2.9511819514830715,-0.18252886705075397,-1.6431720200167703,0.6258233309077285,0.16763957867843032
-3.270460794523957,-0.21697093163271527,-2.5999260029640046,0.1631185947860864,-0.3640857196745239
2.9609422325715586,-0.1345942479502905,-1.5245520630654208,0.9181046461975758,0.054908021385776426
-0.2824720840712119,1.7845334884539867,0.2807224859325575,-0.806222795603272,1.4166711993316632
3.0195103809992054,-0.2247903112729329,-2.2550862151964854,-0.046444962490067,-0.2064685261047411
-2.5944091537123053,0.01508587631568926,-0.2619226108726501,0.3469921367853279,0.4223518342226957
2.992563917683416,-0.2682158337178057,-2.250275282622268,-0.2401209996128836,-0.10521278894549102
1.3292299966954824,-1.019741935901675,-1.038976391421692,-0.2646624134119252,0.8911082061401632
0.5248294513038597,0.34073427701155884,-1.2997456874321571,0.1870746270712959,2.0380694565943203
-0.3227874756778971,1.611311921739863,-0.12970729775359166,-1.891161098189434,1.6177430149658454
-3.284552927449662,-0.19626686739322377,-2.4282850188648712,0.3868164730408708,-0.3052035870691068
2.9170181937624657,-0.3896772398331999,-2.2316026060605885,-0.7658146065620863,0.24306435820223485
2.9692965148539803,-0.24269445605016543,-1.938058384775403,-0.2603747453703395,-0.27453594680821336
1.2909685901482275,1.700302570295504,-1.0114444355015468,0.6179824691091345,3.408973555172956
0.7749905264788587,1.6303473721616568,-1.0786189255551055,2.2127210780831503,0.969105245429327
2.943673468044795,-0.28391618819023157,-1.9321874824914282,-0.44021715638834397,-0.16215272573146894
2.9180504212356095,-0.3251379203302984,-1.9263165802074544,-0.620059567406349,-0.049769504654725225
-3.241881891863229,0.043697809128605665,-1.7115092396158331,1.6313434408875787,-0.7879817816427559
1.4688411226861329,-0.6817129507579028,-0.466163191616839,1.6126610210784997,1.6130117108912418
-0.19103457000104676,-1.7000651735158767,-0.34848624681937673,-0.1567506091957971,1.561152305114274
-2.440153282213039,-0.09538371465816319,0.7176654502722107,-0.22155490067914516,-0.5800697402370343
-1.4387329696530728,2.831887108952276,0.543668894745412,0.21202974595022203,-0.9450236221269327
-0.11818835981422969,-3.5787893119547807,0.466051113288281,-0.04532945529074843,-0.8621747566637188
-0.17152180715068885,1.6048431750288314,1.2784121699039024,-1.6514528984748864,0.7057809705303809
0.027247919139148452,-1.485159080439914,0.021702984530959077,0.2862792000440576,0.003471177079763217
-3.1373431224132498,-0.2963844262473319,-1.3628764656704446,-0.06988162529621413,-1.2781840952261294
-0.013750819301655224,-1.6074519054382173,1.2262777634969615,1.0642264257526046,1.0015858691396073
-0.9727653924398255,0.17463973050019002,-0.09953914823645732,1.356722657630677,1.7709623983159273
1.1366789444544454,3.938774055896052,0.46090330122153433,-1.0151547388735012,0.33498772826621837
-0.11203672592815038,-3.612716118023105,0.2880503109306136,-0.35202909017439915,-0.9878217927740954
-1.4979195623110697,2.73622090284331,0.5490508810548255,-0.23065683271465548,-0.7870220834784055
0.58540415946921,-0.27875905613919627,-1.0703524223077487,1.4472801963056423,-1.2166167674788706
-2.4190150828244796,-0.12643981101740126,0.46020397412351266,-0.5571017180613205,-0.6683929391451602
-2.2242301915599305,0.7441940372131755,-0.6006214382058486,1.5676242166063634,-1.7206180548047652
0.9846992330741005,1.4471219753300728,-0.8234503032494904,1.0781110753294563,-0.32028338503898995
-2.495884223252035,-0.2501050074375998,0.477816680975437,-1.096628951115335,-0.33124327591492847
1.0524021352466322,3.90071094584997,0.8577773503027742,-0.885352960941059,0.681111484864402
0.5359513473441678,-0.032437938695191126,-1.7433778211336726,2.331389992588532,-1.145037128920053
-0.9002502129185733,1.7012776846125564,-0.7173910434818145,1.2350256955900836,0.18705641424693298
-2.360845255460383,0.7200905109335686,-1.760275247619051,0.8675946969300683,-1.2748961925959748
-1.6555872116291,2.8302109141515985,-0.01361044687587894,0.05976588472841877,-0.2253410103924115
3.418172998255344,0.5479280368955108,-0.7996839639705636,-0.14064729771386822,-0.2368556866181877
-3.314310956712422,-0.10346807069011259,-1.4186056830072404,1.0438098857195932,-0.6744948132356152
0.3192047002305789,-0.9739192627369193,-0.7298836648955513,-0.8711093123765792,0.7027905022109185
-0.9368713433518686,1.6969549842958813,-0.49166906252514603,1.4039737629146167,0.42867972066791554
-0.35860682640604175,-0.00823365314794099,0.46397512835400384,0.7251537103746473,3.972317141291347
-0.9343101243096417,1.614325123676832,-0.8290801284394353,0.7767355953870443,0.4232986765338237
-3.2892881217750323,-0.214950237363593,-2.012418255360471,0.09485852691465813,-0.757071572360338
1.009033575395244,4.059226186615053,-0.19556936046222198,-0.6844058017494365,0.7325895461377719
0.9213193469269864,4.113376533857499,0.5837459399776009,0.1562258654838968,1.1210698478563883
-1.5621503332045943,2.763504744484601,-0.879806209075023,-0.9065483477371178,-0.6543898623312293
1.053348069791119,4.189934207790086,2.609428626428807,1.8042870367657,1.5872237579727653
-3.238042028156662,-0.1325067730834601,-2.02416005992842,0.45454334895066734,-0.9818380145138261
-2.0386773158790006,-2.4009765722470564,3.051698803496256,2.576895305046433,3.411245012764896
-1.2029029487357668,0.13020493265892377,-0.7325282007843152,0.9681019506827234,2.6180971004944578
0.8531930086464223,1.7599129588430242,-0.6598398995481409,3.0380136393165644,0.8430248058441483
-2.365073260968064,0.9089250061202442,-0.9932728054823725,2.3169217277414744,-1.1679281345201222
0.3316300466908316,-0.8884186924087836,-0.4719332727722936,-0.2727183273475303,0.7454953835472605
-1.1635311389597245,0.25913102543193123,-0.47938874123527686,1.7601689728345915,2.559546244671552
-2.674622690346197,-0.07117982915947522,0.3749373387748346,-0.0941964140824681,0.2132155372542591
-2.1769913098324034,-0.14209944931224466,-0.5666983979013962,1.7872616767702256,-0.8752568084446357
-2.404083468426701,0.7047488590928649,-1.5398531152111616,0.9673746337305433,-1.0889103057624585
-0.2867867111439447,-3.3940211982125037,0.32556137361167564,0.970346742702479,-0.2767990570584179
0.7868691877327921,1.5088069317634978,-1.2546898999511393,1.3149639121311805,0.36456005682533116
-1.1619317341066968,0.09904732025370559,-1.1113006270390706,0.5616171073431413,2.5635046895547218
0.6977641611455041,1.5068744180905418,-0.6787550788024772,1.765298951052087,0.8474583334513863
-2.608408263583905,-0.019024025788318195,0.14652436466345856,-0.04180119207456117,-0.10740853849098712
1.3111192623518009,1.7038704312715254,0.3740382031259168,1.3704233462869306,3.0885311182166952
-3.1659628998286253,-0.18825448566688605,-1.6005322074541517,0.3601990352233004,-1.314146287068666
-1.5660459127273396,2.607666609429551,-0.3463853394407309,-1.345569198762237,-0.5533425018481675
-1.5711683508117944,2.772926330667651,0.32843679238784695,-0.0910928637070933,-0.5425804135799862
-2.059064726263613,-2.6536808027017473,0.7302805682210076,-0.24073406914432657,2.519426923267372
1.017943177008712,3.946796938251829,0.4395715468679746,-0.804073322074992,1.0299902316859437
-1.871554028320229,-3.9529345357444248,-0.2632595593604287,0.3182394339192275,-0.5602352144872004
-3.2185324099535997,-0.2729017402518244,-1.5898503725959587,-0.013319412917520215,-1.1005073288326723
1.6375770497018927,-1.1164918731145304,2.9276169710259823,3.475365013297545,1.647279367717981
-1.6805533003328388,0.8810467980285219,2.0664112827580055,3.732150309364345,-0.6963266361658559
0.9901514303700183,3.900517341850917,0.41731218296310135,-1.0945794702760323,0.7963130694185829
-3.242231828384387,-0.15921578327353836,-0.9949778305329723,0.9494655719922276,-1.006803085790455
0.38996041205200993,-1.0318707656251507,-0.3073157821310389,-0.9792872522087565,0.35935474573858467
-3.114857632778145,-0.0799819712742029,-1.6338444239493564,1.5710011748755914,-0.97192398154276
-1.4245122025829666,2.720075427799993,-0.9545724073748411,-0.5712684719260425,-0.6828909890308246
-1.7861802431446825,-3.973876026509647,-1.020175055992968,0.39848317997068355,-0.35587875145757564
-1.588219371260562,2.6409769819527593,-0.20267458552738904,-0.35375575952004173,0.005763474931682803
-1.5286037946727342,2.715272204417952,-0.2991769124351482,-0.09208625050661307,-0.23731654960702142
-1.7671742788685199,-3.9436732458936072,-1.0313458068257217,0.5091574604646311,-0.5238993921217869
3.612105792757872,0.37855984744501,-0.5890155743701851,-0.3289552822698645,-0.5951596758687437
-1.7510237786523408,-4.068758802916306,-0.4772789919440743,0.21044213698578637,-0.5973584151004105
0.6974775458426234,0.3762124542959494,0.3125830167722376,1.4910925794382204,1.45297814155513
-1.3333305763466505,2.6507848193078027,-0.6675889337903287,-0.8181785385414304,-1.0471846852360764
0.8200771477731377,0.581815236294082,0.43717052654886823,2.8606162921590967,2.8116395613911336
0.1680701050603561,-1.5107882776077353,-0.8023847978326141,0.28507947691941665,-0.05744172281075772
-1.4048386691353618,2.589813854717423,-0.4434158385179767,-0.9259082649685825,-0.771070545160803
-0.08596084576197131,-3.7146579316220065,-0.09144224375271776,-0.36117860292571974,-0.5866346657558288
-2.412410615581407,-0.30353016282469425,-0.09141848063351146,-1.0527932767142967,-0.28046962716052654
0.12878016562391714,-1.5942145840758954,0.5935410698439676,1.5351293423139913,1.74372023889632
1.5035448776996994,-1.0904683931849115,0.1437609365603127,0.21726667567116542,0.20442987715921276
0.6655077294918189,-0.18609168362715783,-1.054825822976708,2.578408762215186,-1.2290320324289696
2.112379531463052,-0.6179774703484495,-0.5145167177680854,1.7876616055210297,0.24571089174556945
2.792785305163239,-0.5004237486423471,-0.11991454360423408,1.053743564745267,0.9234575786027367
-0.8993522499759353,1.9832515091796032,0.6041728906066612,-0.5899060446644258,1.947182396000516
